{"time": 0.004, "x": [0.0, 0.0, 3750.0, 5500.0, 16750.0, 5500.0, 4500.000000000001, 4500.000000000001, 6000.000000000001, 6000.000000000001, 4000.000000000001, 4000.000000000001, 0.0, 0.0, 3750.0, 4500.0, 15750.0, 4500.0, 5500.0, 5500.0, 4000.0, 4000.0, 6000.000000000001, 6000.000000000001, 0.0, 60000.0, 500000.0, 500000.0, 500000.0, 330000.0, 270000.00000000006, 270000.00000000006, 360000.00000000006, 360000.00000000006, 240000.00000000006, 240000.00000000006, 0.0, 0.0, 440000.0, 500000.0, 500000.0, 270000.0, 330000.0, 330000.0, 240000.0, 240000.0, 360000.00000000006, 360000.00000000006, 0.0, 0.0, 8636.363636363638, 16214.28571428572, 0.0, 11000.0, 9000.000000000002, 9000.000000000002, 12000.000000000002, 12000.000000000002, 8000.000000000002, 8000.000000000002, 0.0, 0.0, 0.0, 6755.4479418886185, 23244.552058111378, 9000.0, 11000.0, 11000.0, 8000.0, 8000.0, 12000.000000000002, 12000.000000000002, 5000.0, 5000.0, 5000.0, 5500.0, 5500.0, 5500.0, 4500.000000000001, 4500.000000000001, 6000.000000000001, 6000.000000000001, 4000.000000000001, 4000.000000000001, 5000.0, 5000.0, 5000.0, 4500.0, 4500.0, 4500.0, 5500.0, 5500.0, 4000.0, 4000.0, 6000.000000000001, 6000.000000000001, 300000.0, 300000.0, 300000.0, 330000.0, 330000.0, 330000.0, 270000.00000000006, 270000.00000000006, 360000.00000000006, 360000.00000000006, 240000.00000000006, 240000.00000000006, 300000.0, 300000.0, 300000.0, 270000.0, 270000.0, 270000.0, 330000.0, 330000.0, 240000.0, 240000.0, 360000.00000000006, 360000.00000000006, 10000.0, 10000.0, 4850.649350649357, 0.0, 0.0, 11000.0, 9000.000000000002, 9000.000000000002, 12000.000000000002, 12000.000000000002, 8000.000000000002, 8000.000000000002, 10000.0, 10000.0, 10000.0, 0.0, 0.0, 9000.0, 11000.0, 11000.0, 8000.0, 8000.0, 12000.000000000002, 12000.000000000002, 0.0, 0.0, 0.0, 153.96137142857197, 5489.05285, 764.0528500000001, 1251.0916000000004, 1251.0916000000004, 0.0, 0.0, 0.0, 0.0, 0.0, 877.5194285714288, 653.95, 653.95, 2944.5935, 694.5935000000001, 1137.3560000000002, 1137.3560000000002, 0.0, 0.0, 0.0, 0.0, 696.4240000000002, 0.0, 39.81849999999997, 156.15600000000006, 0.0, 867.3357142857143, 653.95, 654.7750000000001, 981.2000000000002, 0.0], "upper": {"time": 0.05263829231262207, "obj": -4.711008615198225}, "bi": {"time": 6.512662410736084, "obj": 6.14371551796877}, "tri": {"time": 6.702394485473633, "obj": 6.9960362365625635}, "real": {"obj": 9.477064171507797, "time": 21.96623453637585}}